REF,ALT,EFFECT,N,rawPROB,totalprob,prop_prob
A,C,Non-Syn,7776033,0.066618873667033,518030.56005768,0.0601679335200988
A,C,Syn,1806063,0.066618873667033,120317.882831703,0.0139746164293683
A,G,Non-Syn,6914624,0.138883414593984,960326.591753513,0.111539493970732
A,G,Syn,2667472,0.138883414593984,370467.619693844,0.0430288728730725
A,T,Non-Syn,8111431,0.114042478650345,925047.696641244,0.107441939927702
A,T,Syn,1470665,0.114042478650345,167718.281864309,0.0194800523586743
C,A,Non-Syn,5599355,0.0185949635222551,104119.801973157,0.0120932504880585
C,A,Syn,1181123,0.0185949635222551,21962.9391002965,0.00255093958075656
C,G,Non-Syn,5926325,0.0126604006960035,75029.6491547429,0.00871450314027084
C,G,Syn,854153,0.0126604006960035,10813.9192356935,0.00125600924700751
C,T,Non-Syn,4400781,0.148693768591083,654368.711634034,0.0760032634654708
C,T,Syn,2379697,0.148693768591083,353846.115034894,0.0410983273330326
G,A,Non-Syn,5851791,0.148878746207798,871207.307150077,0.101188515467106
G,A,Syn,2098265,0.148878746207798,312387.062411705,0.0362829636954886
G,C,Non-Syn,7105569,0.0134525110062386,95587.7451780875,0.0111022737665727
G,C,Syn,844487,0.0134525110062386,11360.4706621254,0.00131948980670114
G,T,Non-Syn,7105569,0.0174432080511514,123943.918388812,0.0143957712475655
G,T,Syn,844487,0.0174432080511514,14730.5624374927,0.00171091740486129
T,A,Non-Syn,6952410,0.12043086410563,837284.74391662,0.097248495926107
T,A,Syn,2128923,0.12043086410563,256388.036504349,0.02977881909906
T,C,Non-Syn,5033850,0.136092276926541,685068.108206669,0.0795689203871084
T,C,Syn,4047483,0.136092276926541,550831.177291467,0.0639776418834838
T,G,Non-Syn,7194813,0.0626456512836459,450723.746249042,0.0523504180858031
T,G,Syn,1886520,0.0626456512836459,118182.274059624,0.0137265708958981
