REF,ALT,effect,N,prob,totalprob
A,C,N,7775616,6.87821279385983e-06,53.4823414513412
A,C,S,1805977,6.878212793421e-06,12.4218941060241
A,G,N,6914251,1.4349976946146e-05,99.2193424498673
A,G,S,2667342,1.4349976943652e-05,38.2762962008347
A,T,N,8111000,1.2429663726933e-05,100.817002489153
A,T,S,1470593,1.24296637278915e-05,18.2789764705911
C,A,N,5599012,1.51650256055844e-05,84.9091603459741
C,A,S,1181031,1.51650256053561e-05,17.9103653557193
C,G,N,5925960,1.0899862154118e-05,64.5921471308174
C,G,S,854083,1.08998621541425e-05,9.30938696819649
C,T,S,2379517,0.000125111461248446,297.704848935519
C,T,N,4400526,0.000125111461255654,550.556238153499
G,A,S,2098163,0.000136679667925985,286.776222094588
G,A,N,5851512,0.000136679667918551,799.782716981414
G,C,N,7105232,1.2445508555849e-05,88.428225647292
G,C,S,844443,1.24455085560344e-05,10.5095225815833
G,T,N,7105232,1.62012537427762e-05,115.113666533293
G,T,S,844443,1.62012537412696e-05,13.6810353130389
T,A,N,6951786,1.37813682516914e-05,95.8051228729526
T,A,S,2128808,1.37813682494848e-05,29.3378869804493
T,C,S,4047195,1.41937782716384e-05,57.4449884520837
T,C,N,5033399,1.41937782713282e-05,71.4429493571253
T,G,N,7194167,6.70166286419659e-06,48.2128818227286
T,G,S,1886427,6.70166286497824e-06,12.6421977733923
