REF,ALT,NSS,prob
A,C,4.30549004776916,6.87821279311967e-06
A,G,2.59218765347676,1.43499769440212e-05
A,T,5.5154621299027,1.2429663727668e-05
C,A,4.74078326479153,1.51650256055364e-05
C,G,6.9383888919461,1.08998621539793e-05
C,T,1.84933581058677,0.000125111461245676
G,A,2.78887388634725,0.000136679667927321
G,C,8.41410491886368,1.24455085558821e-05
G,T,8.41410491886368,1.6201253741385e-05
T,A,3.2655767922706,1.37813682499821e-05
T,C,1.24367592863699,1.41937782724254e-05
T,G,3.81364717532139,6.70166286470449e-06
